,precision,recall,f1-score,support
<30,0.4817813765182186,0.0551436515291937,0.09896049896049897,2158.0
>30,0.5479159829340334,0.4943737044714243,0.5197696139476962,6754.0
NO,0.6593305117352828,0.8219493476592479,0.7317135659080234,10424.0
accuracy,0.6219486967314853,0.6219486967314853,0.6219486967314853,0.6219486967314853
macro avg,0.5630092903958449,0.4571555678866219,0.4501478929387395,19336.0
weighted avg,0.600598366445561,0.6219486967314853,0.5870636605494793,19336.0
