,precision,recall,f1-score,support
<30,0.75,0.004170528266913809,0.008294930875576038,2158.0
>30,0.5395962732919255,0.41160793603790347,0.46699143289097933,6754.0
NO,0.6307507761783799,0.8575402916346891,0.7268661570987153,10424.0
accuracy,0.6065370293752586,0.6065370293752586,0.6065370293752586,0.6065370293752586
macro avg,0.6401156831567685,0.42443958531316883,0.4007175069550902,19336.0
weighted avg,0.6122196587038218,0.6065370293752586,0.5558964325699305,19336.0
