,precision,recall,f1-score,support
<30,0.25571646341463417,0.3109360518999073,0.2806357172731075,2158.0
>30,0.5251577414657822,0.48060408646727865,0.5018940858136838,6754.0
NO,0.6956604311081569,0.7028012279355333,0.6992125984251969,10424.0
accuracy,0.5814542821679768,0.5814542821679768,0.5814542821679768,0.5814542821679768
macro avg,0.4921782119961911,0.49811378876757306,0.4939141338373294,19336.0
weighted avg,0.5870043363560251,0.5814542821679768,0.583574506591086,19336.0
